netflix_id,imdb_id,title
553500,tt0060196,"The Good, the Bad and the Ugly"
70131314,tt1375666,Inception
20557937,tt0133093,The Matrix
60010110,tt0088763,Back to the Future
60031884,tt0064116,Once Upon a Time in the West
60025061,tt0253474,The Pianist
70295560,tt3210258,Bo Burnham: what.
70298389,tt3709746,Tim Minchin And The Heritage Orchestra Live
80032364,tt3607198,Punjab 1984
70170051,tt1424432,Senna
80004478,tt3823690,Bill Burr: I&#39;m Sorry You Feel That Way
70230640,tt1853728,Django Unchained
70174733,tt1717578,Bill Burr: Let It Go
70137744,tt1545103,Rush: Beyond the Lighted Stage
60011649,tt0082971,Indiana Jones and the Raiders of the Lost Ark
80031666,tt4908644,Winter on Fire
70108777,tt0361748,Inglourious Basterds
18907685,tt0075314,Taxi Driver
70245034,tt2290153,Bill Burr: You People Are All the Same
80033772,tt3302820,Cowspiracy
70266171,tt0089108,Esperando La Carroza
70050507,tt0457430,Pan&#39;s Labyrinth
70059700,tt0085474,Eddie Murphy: Delirious
80009431,tt3455224,Virunga
70075473,tt0469494,There Will Be Blood
70229213,tt2125608,Searching for Sugar Man
70298251,tt2246779,John Mulaney: New in Town
60010487,tt0097576,Indiana Jones and the Last Crusade
70268449,tt2486682,The Square
70267802,tt2545118,Blackfish
80002621,tt3958494,Jim Jefferies : BARE
70219525,tt2082197,Barfi!
70229037,tt2215489,Sebastian Maniscalco: What&#39;s Wrong with People
80015342,tt1865505,Song of the Sea
70243461,tt1659337,The Perks of Being a Wallflower
70308278,tt2004304,Mission Blue
70021630,tt0401792,Sin City
70279934,tt2937390,Mike Birbiglia: My Girlfriend&#39;s Boyfriend
70118799,tt1220719,Ip Man
70299904,tt3445270,The Battered Bastards of Baseball
70267834,tt2215151,Inequality for All
70135893,tt1504320,The King&#39;s Speech
70045356,tt0806102,Jeff Dunham: Arguing with Myself
70044256,tt0815456,Jim Gaffigan: Beyond the Pale
70275751,tt0790636,Dallas Buyers Club
563104,tt0107048,Groundhog Day
70278933,tt1798709,Her
60036735,tt0347304,Kal Ho Naa Ho
70304189,tt1324027,Trailer Park Boys: Say Goodnight to the Bad Guys
70189319,tt1655442,The Artist
70112500,tt1182345,Moon
60031232,tt0327056,Mystic River
70181716,tt1772925,Jiro Dreams of Sushi
80063025,tt2358913,Berserk: The Golden Age Arc III - The Advent
80058424,tt5069564,John Mulaney: The Comeback Kid
70036200,tt0396659,InuYasha: The Movie 3: Swords of an Honorable Ruler
60020949,tt0067992,Willy Wonka and the Chocolate Factory
70101375,tt0914798,The Boy in the Striped Pyjamas
60011552,tt0108550,What&#39;s Eating Gilbert Grape
60010111,tt0096874,Back to the Future Part II
498716,tt0091042,Ferris Bueller&#39;s Day Off
70100380,tt0421715,The Curious Case of Benjamin Button
70189289,tt0780504,Drive
70185045,tt1567233,Forks Over Knives
70237054,tt2273321,Jim Gaffigan: Mr. Universe
70301023,tt3500822,Tom Segura: Completely Normal
60004509,tt0166792,Scooby-Doo on Zombie Island
70261674,tt2194499,About Time
70083532,tt1059955,The Pixar Story
80043049,tt5087554,Anthony Jeselnik: Thoughts and Prayers
70276596,tt2358911,BERSERK: The Golden Age Arc II - The Battle for Doldrey
80083594,tt5235348,Marco Polo: One Hundred Eyes
80049094,tt2870648,Amy
70056663,tt0865482,Katt Williams: The Pimp Chronicles: Pt. 1
70244164,tt1045658,Silver Linings Playbook
70132721,tt1285016,The Social Network
60023600,tt0257044,Road to Perdition
70275600,tt2278871,Blue Is the Warmest Color
70111504,tt1420554,Kevin Hart: I&#39;m a Grown Little Man
70177633,tt1860355,Undefeated
1181488,tt0119822,As Good as It Gets
855084,tt0107818,Philadelphia
70020728,tt0373074,Kung Fu Hustle
70062784,tt0078243,The 36th Chamber Of Shaolin
80044545,tt1365050,Beasts of No Nation
80023689,tt0470752,Ex Machina
60036752,tt0172684,Kuch Kuch Hota Hai
60020891,tt0221027,Blow
70166234,tt1787660,Being Elmo: A Puppeteer&#39;s Journey
70235384,tt1855199,End of Watch
70308063,tt4284010,"What Happened, Miss Simone?"
70167128,tt1784538,Miss Representation
60023071,tt0181689,Minority Report
70117297,tt1315981,A Single Man
70140322,tt1714196,Kevin Hart: Seriously Funny
60023237,tt0245574,Y Tu Mama Tambien
70258995,tt2210479,Berserk: The Golden Age Arc I - The Egg of the King
80005738,tt2484120,Room on the Broom
60001807,tt0095705,The Naked Gun
70091304,tt1188112,Mike Birbiglia: What I Should Have Said Was Nothing: Tales from My Secret Public Journal
70273272,tt1356790,I Am Divine
60010488,tt0087469,Indiana Jones and the Temple of Doom
80036832,tt4144504,How to Change the World
80093820,tt1909796,K-on! the movie
70018513,tt0366621,InuYasha: The Movie 2: The Castle Beyond the Looking Glass
70137753,tt1386932,Ip Man 2
70284281,tt2378281,Instructions Not Included
70257412,tt2347569,Frances Ha
60033300,tt0349825,Miracle
70202136,tt0970179,Hugo
70203594,tt2058636,Jeff Dunham: Controlled Chaos
70129463,tt1465522,Tucker and Dale vs. Evil
70153543,tt1668200,Sarah&#39;s Key
70230138,tt2345525,Donald Glover: Weirdo
70283202,tt2140373,Saving Mr. Banks
484369,tt0083907,The Evil Dead
70291121,tt2591814,The Garden of Words
70117312,tt0446029,Scott Pilgrim vs. the World
70053462,tt0463998,Freedom Writers
60035870,tt0110076,Hum Aapke Hain Koun
80077923,tt4970632,Tom Segura: Mostly Stories
80011852,tt3692768,The Other One: The Long Strange Trip of Bob Weir
70052492,tt0473658,InuYasha: The Movie 4: Fire on the Mystic Island
60024935,tt0238380,Equilibrium
70154110,tt1422032,Even the Rain
70290567,tt2466830,The Short Game
70273401,tt3004634,Marc Maron: Thinky Pain
60024059,tt0099088,Back to the Future Part III
70045866,tt0449467,Babel
70211216,tt1999192,Kevin Hart: Laugh at My Pain
70122316,tt1120985,Blue Valentine
70142827,tt1219289,Limitless
70302184,tt3108864,From One Second to the Next
70267838,tt2396566,20 Feet from Stardom
70260383,tt1785394,Bleach the Movie: Hell Verse
70242564,tt1935179,Mud
70206816,tt0090589,Adam: His Song Continues
70054723,tt1045889,Steal a Pencil for Me
70206824,tt0103123,Triumph of the Heart
70206820,tt0098237,The Ryan White Story
70153178,tt1395054,Once Upon a Time in Mumbaai
80028208,tt3986532,Tig
60036750,tt0248126,Kabhi Khushi Kabhie Gham
70128549,tt1337032,Trailer Park Boys: Countdown to Liquor Day
70124316,tt0084921,Five Elements Ninjas
80075009,tt4025514,Suburra
80066806,tt4254838,Tyke Elephant Outlaw
60011473,tt0084805,Tootsie
70001564,tt0382383,Yuva
60022922,tt0116695,Jerry Maguire
70012316,tt0322645,InuYasha: The Movie: Affections Touching Across Time
70290568,tt2836450,Aziz Ansari: Buried Alive
70039645,tt0804558,Zach Galifianakis: Live at the Purple Onion
26009364,tt0120855,Tarzan
70032593,tt0121164,Corpse Bride
70114977,tt0211946,Berlin Calling
70213471,tt1212450,Lawless
70208801,tt1339302,Bleach The Movie: Fade to Black
80002074,tt3017864,Ghost Whispers
70251218,tt2281365,Mortified Nation
70121502,tt0983193,The Adventures of Tintin
70241757,tt1817273,The Place Beyond the Pines
80028529,tt3120408,Tinker Bell and the Legend of the NeverBeast
70307659,tt2980648,The Hundred-Foot Journey
80044804,tt4512714,Demetri Martin: Live (At the Time)
80032640,tt3970854,The Perfect Dictatorship
70101696,tt1034303,Defiance
70299286,tt3456090,E-Team
70266169,tt1910649,Tom Papa Live in New York City
60001044,tt0187393,The Patriot
70126574,tt1302011,Kung Fu Panda 2
70172928,tt1568911,War Horse
1151188,tt0118842,Chasing Amy
60027695,tt0234215,The Matrix Reloaded
70244163,tt1560747,The Master
70143241,tt0481499,The Croods
80002073,tt2636124,Ghost Pain
80021983,tt3579524,Ghost Tears
70084180,tt1024942,Just Another Love Story
70260989,tt1613750,Kon-Tiki
70069233,tt0425601,Trailer Park Boys: The Movie
70267830,tt2355540,Cutie and the Boxer
70020296,tt0104036,The Crying Game: Collector&#39;s Edition
1181661,tt0119978,The Rainmaker
80045673,tt1481363,Naruto Shippuden the Movie: The Will of Fire
80014996,tt2101473,The Physician
80028357,tt1638002,"Love, Rosie"
80066798,tt4900018,Keith Richards: Under the Influence
70307648,tt1921149,Trash
70185023,tt1916728,Shor In the City
80091267,tt2387495,Jalpari: The Desert Mermaid
70113538,tt0472033,9
60000480,tt0178737,Mansfield Park
80019503,tt4294938,BoJack Horseman Christmas Special: Sabrina&#39;s Christmas Wish
70295189,tt2692904,Locke
80005444,tt3557464,Print the Legend
70280748,tt3295244,Russell Peters: Notorious
70202128,tt1340800,"Tinker, Tailor, Soldier, Spy"
70253398,tt3070936,Shrek the Musical
70109429,tt0780521,The Princess and the Frog
60024914,tt0298130,The Ring
60033108,tt0100814,Tremors
70253171,tt2461736,Jeff Dunham: Minding the Monsters
70299863,tt2756032,The One I Love
70278931,tt2359024,Blue Ruin
70270364,tt1706620,Snowpiercer
70204316,tt2084872,Lavell Crawford: Can a Brother Get Some Love?
70304914,tt2546038,Maria Bamford: The Special Special Special
70202138,tt1430607,Arthur Christmas
80032474,tt3211048,Haani
70267439,tt1714206,The Spectacular Now
70062814,tt0440803,Shutter
70129454,tt1584016,Catfish
80068219,tt4392266,Colin Quinn: Unconstitutional
70073018,tt0811066,Shootout at Lokhandwala
60001377,tt0077559,The Five Venoms
80071907,tt3622120,Kajaki: The True Story
80013267,tt4209802,Jeff Dunham: All Over the Map
70149579,tt1608777,"LSD: Love, Sex Aur Dhokha"
80004534,tt3804556,Chelsea Peretti: One of the Greats
70112732,tt1135503,Julie and Julia
80026431,tt4191768,Dragons: Dawn of the Dragon Racers
70082268,tt1060277,Cloverfield
60003086,tt0078446,Cheech and Chong&#39;s Up in Smoke
70184051,tt1563738,One Day
70021659,tt0418763,Jarhead
70202150,tt1655420,My Week with Marilyn
60031210,tt0320691,Underworld
1153656,tt0118655,Austin Powers: International Man of Mystery
70105699,tt1160524,Naruto Shippuden The Movie: Bonds
70242568,tt1673697,The Sapphires
70110557,tt1042877,Cadillac Records
70114021,tt1019452,A Serious Man
80017021,tt2937898,A Most Violent Year
70130432,tt0081494,Return To The 36th Chamber
80025390,tt3007512,The Water Diviner
80046694,tt4178092,The Gift
